"seed","method","f","gnorm_inf","iter","time_s","converged","eig_min","status"
1,"arcopt-AD",683.676931354248,1.61050838000996,500,840,FALSE,-276,"saddle"
1,"arcopt-FD",704.22182242017,34.611250439364,500,3202.53,FALSE,-9440,"saddle"
1,"arcopt-hybrid",684.039511458946,3.65012735194252,500,22.37,FALSE,-0.324,"saddle"
1,"arcopt-sr1",985.331423700655,300.875231303074,500,17.85,FALSE,-120,"saddle"
1,"arcopt-bfgs",716.604967255975,4.09488118944195,500,17.34,FALSE,-3.09,"saddle"
1,"optim-BFGS",616.474167427623,2.99072121051971e-05,407,3.52,FALSE,0.0269,"local min"
1,"nlminb",662.50718578691,0.00294254598284994,271,1.64,FALSE,0.0176,"local min"
1,"trust",666.962009059693,1.53901263955092e-09,97,164.03,TRUE,0.00889,"local min"
