"seed","method","f","gnorm_inf","gnorm_2","iter","time_s","converged"
1,"arcopt-hybrid",1.29562699839531e-09,8.85292667234454e-05,0.000386793180887889,51,8.7,FALSE
1,"arcopt-sr1",1.29562699839531e-09,8.85292667234454e-05,0.000386793180887889,51,8.52,FALSE
1,"arcopt-bfgs",2.07452016711326e-09,9.94289512861709e-05,0.000478262047121767,1373,216.69,FALSE
1,"optim-BFGS",2.87851492455258e-27,2.95864521481754e-13,1.0402303314928e-12,65,0.06,TRUE
1,"optim-LBFGSB",8.00991896155551e-12,8.29828961812458e-06,3.97695825005078e-05,32,0,TRUE
1,"nlminb",5.59751538533313e-15,2.96934944997454e-07,1.30364142034151e-06,65,0.07,TRUE
