"seed","method","f","gnorm_inf","gnorm_2","iter","time_s","converged"
1,"arcopt-hybrid",7.6637115719122e-10,8.29083801242051e-05,0.00027452993382768,185,30.34,FALSE
1,"arcopt-sr1",2.22026783668855e-08,4.88121026848318e-05,0.000204016588026735,809,118.2,FALSE
1,"arcopt-bfgs",2075.58334397843,1119039.4611322,4702602.8048606,2000,250.74,FALSE
1,"optim-BFGS",8.2932565631756e-29,1.44781188442932e-14,6.89461414853016e-14,85,0.04,TRUE
1,"optim-LBFGSB",1.62813304136165e-11,9.98830758098027e-06,5.01232751988898e-05,108,0.02,TRUE
1,"nlminb",9.69884394016885e-15,4.69067376926047e-07,2.15045700342658e-06,143,0.1,TRUE
