"seed","method","f","gnorm_inf","iter","time_s","converged","reached_opt"
1,"arcopt-exact",0.983031198522197,1.12105080773972e-09,3,0,TRUE,FALSE
1,"arcopt-hybrid",0.983031198523289,7.96809086578421e-06,3,0.02,TRUE,FALSE
1,"arcopt-sr1",0.983031198523289,7.96809086578421e-06,3,0.01,TRUE,FALSE
1,"arcopt-bfgs",0.98303119852329,7.96872793196179e-06,3,0.02,TRUE,FALSE
1,"optim-BFGS",0.983031198522904,4.4139217196276e-06,51,0,TRUE,FALSE
1,"optim-LBFGSB",0.983031198523271,5.61589251254096e-06,11,0,TRUE,FALSE
1,"nlminb",0.98303119852254,2.87152167557253e-06,13,0,TRUE,FALSE
