"seed","method","f","gnorm_inf","iter","time_s","converged","reached_opt"
1,"arcopt-exact",0.057958892996712,2.00556238283411e-10,10,1,TRUE,FALSE
1,"arcopt-hybrid",0.0579588934872761,6.10928981125308e-05,46,7.28,FALSE,FALSE
1,"arcopt-sr1",0.0579588929973103,1.55723849822173e-06,552,76.49,TRUE,FALSE
1,"arcopt-bfgs",0.0588653573726813,0.0819466345788799,2000,287.88,FALSE,FALSE
1,"optim-BFGS",0.0579588929967463,3.74092867338575e-07,56,0.03,TRUE,FALSE
1,"optim-LBFGSB",0.0579588930169457,7.22202009363973e-06,27,0,TRUE,FALSE
1,"nlminb",0.0579588929967272,2.82326790548195e-07,43,0.05,TRUE,FALSE
