"seed","method","f","gnorm_inf","iter","time_s","converged","reached_opt"
1,"arcopt-exact",0.0579588929967121,3.1015311235949e-08,10,0.02,TRUE,FALSE
1,"arcopt-hybrid",0.0579588958734795,9.59879058945996e-05,64,0.16,FALSE,FALSE
1,"arcopt-sr1",0.0579588958734795,9.59879058945996e-05,64,0.12,FALSE,FALSE
1,"arcopt-bfgs",0.074884258773171,0.224435251583433,2000,4.99,FALSE,FALSE
1,"optim-BFGS",0.0579588929967688,3.99490612514606e-07,48,0,TRUE,FALSE
1,"optim-LBFGSB",0.0579588930230809,8.21340003825127e-06,26,0.01,TRUE,FALSE
1,"nlminb",0.05795889299672,1.37453559784229e-07,28,0,TRUE,FALSE
