"seed","method","f","gnorm_inf","iter","time_s","converged","reached_opt"
1,"arcopt-exact",8.77671231654598e-11,6.05984038242494e-06,4,0.01,TRUE,TRUE
1,"arcopt-hybrid",1.28444713334216e-09,6.08831158168055e-05,4,0,FALSE,FALSE
1,"arcopt-sr1",1.28444713334216e-09,6.08831158168055e-05,4,0.02,FALSE,FALSE
1,"arcopt-bfgs",4.92617516309156e-10,3.59088768521244e-05,42,0.03,FALSE,FALSE
1,"optim-BFGS",4.99270066914378e-27,7.28306304154102e-14,19,0,TRUE,TRUE
1,"optim-LBFGSB",5.91024498003343e-08,9.90924356425031e-06,4,0,TRUE,TRUE
1,"nlminb",2.11227773365038e-17,5.63138397974441e-08,12,0,TRUE,TRUE
