"seed","method","f","gnorm_inf","iter","time_s","converged","reached_opt"
1,"arcopt-exact",1,1.96337168745231e-10,1,0.05,TRUE,FALSE
1,"arcopt-hybrid",6.21469433392911e-12,8.13470229619583e-07,2,0.26,TRUE,TRUE
1,"arcopt-sr1",6.21469433392911e-12,8.13470229619583e-07,2,0.24,TRUE,TRUE
1,"arcopt-bfgs",3.81236763982635e-12,1.89611135129682e-06,2,0.25,TRUE,TRUE
1,"optim-BFGS",2.71497524584484e-25,3.5882408155885e-13,24,0.01,TRUE,TRUE
1,"optim-LBFGSB",6.2267933214475e-12,5.00158185774834e-06,4,0,TRUE,TRUE
1,"nlminb",6.21413650635148e-12,1.01152216981908e-08,2,0,TRUE,TRUE
