"seed","method","f","gnorm_inf","iter","time_s","converged","reached_opt"
1,"arcopt-exact",3.53814177168166e-10,1.08376207524248e-05,2,0,FALSE,FALSE
1,"arcopt-hybrid",2.48341593565793e-09,5.0041235188023e-05,4,0.01,FALSE,FALSE
1,"arcopt-sr1",2.48341593565793e-09,5.0041235188023e-05,4,0.02,FALSE,FALSE
1,"arcopt-bfgs",4.60188318086997e-10,6.81696783788498e-05,4,0.02,FALSE,FALSE
1,"optim-BFGS",1.73675616893458e-26,1.25055521493778e-12,18,0,TRUE,TRUE
1,"optim-LBFGSB",3.79723732066354e-09,1.24444567357689e-06,4,0,TRUE,TRUE
1,"nlminb",7.7685645380297e-15,1.29906128473894e-06,15,0,TRUE,TRUE
