"seed","method","f","gnorm","iter","time_s","converged"
1,"arcopt-exact",1.04845876363662e-12,1.09325768247767e-05,1406,247.92,TRUE
1,"arcopt-hybrid",1.45038763797199e-09,0.000576525872323888,98,13.73,TRUE
1,"arcopt-sr1",1.45038763797199e-09,0.000576525872323888,98,13.6,TRUE
1,"arcopt-bfgs",3.77924991635106e-09,0.000513796352922042,475,69.34,TRUE
1,"optim-BFGS",4.29641376561569e-18,3.57421411447314e-08,762,0.23,TRUE
